Url,emailbox,Textbox,Descriptionbox,Postbutton
https://freewebads.us/,"//*[@id=""email""]","//*[@id=""adtitle""]","//*[@id=""wmd-input""]","//*[@id=""content""]/form/button"
https://fwebdirectory.com/,"//*[@id=""email""]","//*[@id=""adtitle""]","//*[@id=""wmd-input""]","//*[@id=""content""]/form/button"
https://freebestads.com/,"//*[@id=""email""]","//*[@id=""adtitle""]","//*[@id=""wmd-input""]","//*[@id=""content""]/form/button"
https://freeadshome.com/,"//*[@id=""email""]","//*[@id=""adtitle""]","//*[@id=""wmd-input""]","//*[@id=""content""]/form/button"
https://classified4u.biz/,"//*[@id=""email""]","//*[@id=""adtitle""]","//*[@id=""wmd-input""]","//*[@id=""content""]/form/button"
https://classified4free.net/,"//*[@id=""email""]","//*[@id=""adtitle""]","//*[@id=""wmd-input""]","//*[@id=""content""]/form/button"
https://eonlineads.com/,"//*[@id=""email""]","//*[@id=""adtitle""]","//*[@id=""wmd-input""]","//*[@id=""content""]/form/button"
https://globalclassified.net/,"//*[@id=""email""]","//*[@id=""adtitle""]","//*[@id=""wmd-input""]","//*[@id=""content""]/form/button"
https://getadsonline.com/,"//*[@id=""email""]","//*[@id=""adtitle""]","//*[@id=""wmd-input""]","//*[@id=""content""]/form/button"
https://classifieds4free.biz/,"//*[@id=""email""]","//*[@id=""adtitle""]","//*[@id=""wmd-input""]","//*[@id=""content""]/form/button"
https://postherefree.com/,"//*[@id=""email""]","//*[@id=""adtitle""]","//*[@id=""wmd-input""]","//*[@id=""content""]/form/button"
https://foldads.com/,"//*[@id=""email""]","//*[@id=""adtitle""]","//*[@id=""wmd-input""]","//*[@id=""content""]/form/button"
https://nextfreeads.com/,"//*[@id=""email""]","//*[@id=""adtitle""]","//*[@id=""wmd-input""]","//*[@id=""content""]/form/button"
https://posthereads.com/,"//*[@id=""email""]","//*[@id=""adtitle""]","//*[@id=""wmd-input""]","//*[@id=""content""]/form/button"
https://freeadsonline.biz/,"//*[@id=""email""]","//*[@id=""adtitle""]","//*[@id=""wmd-input""]","//*[@id=""content""]/form/button"
https://letspostfree.com/,"//*[@id=""email""]","//*[@id=""adtitle""]","//*[@id=""wmd-input""]","//*[@id=""content""]/form/button"
https://ezclassifiedads.com/,"//*[@id=""email""]","//*[@id=""adtitle""]","//*[@id=""wmd-input""]","//*[@id=""content""]/form/button"
https://greatclassified.com/,"//*[@id=""email""]","//*[@id=""adtitle""]","//*[@id=""wmd-input""]","//*[@id=""content""]/form/button"