,0,,,,
0,Basildon,,,,
1,Bedford,,,,
2,Benfleet,,,,
3,Billericay,,,,
4,Bishops Stortford,,,,
5,Braintree,1,Digital Items,Websites,1
6,Brentwood,,,eBooks,2
7,Bury St Edmunds,,,Website Scripts,3
8,Cambridge,,,Software,4
9,Canvey Island,,,Other,5
10,Chelmsford,2,Community,Activities,6
11,Cheshunt,,,Announcements,7
12,Clacton-on-Sea,,,Local News,8
13,Colchester,,,Lost and Found,9
14,Dunstable,,,Politics,10
15,Ely,,,Public Service,11
16,Felixstowe,,,Recreation,12
17,Grays,,,Obituary,13
18,Great Yarmouth,,,Volunteer,14
19,Harlow,,,Online,15
20,Harpenden,,,Garage/Car Boot Sales,16
21,Harwich,,,Museums,17
22,Hemel Hempstead,3,Services,Hair & Beauty,18
23,Hertford,,,Chiropratic,19
24,Hitchin,,,Dental,20
25,Hoddesdon,,,Medical,21
26,Huntingdon,,,Financial,22
27,Ipswich,,,Legal,23
28,Kings Lynn,,,Work From Home,24
29,Leighton Buzzard,,,Self Improvement,25
30,Lowestoft,,,IT,26
31,Luton,,,Online Services,27
32,Maldon,,,Motors,28
33,Norwich,,,Other,29
34,Peterborough,,,Health & Fitness,30
35,Saffron Walden,,,DIY,31
36,Southend-on-Sea,,,Photography,32
37,St Albans,,,Employment,33
38,St Ives - Cambs,,,Gardening/Landscape,34
39,St Neots,,,AC & Heating,35
40,Stevenage,,,Building/Remodeling/Extensions,36
41,Sudbury,,,Carpentry/Joinery,37
42,Watford,,,Decorating,38
43,Welwyn Garden City,,,Plastering/Cementing,39
44,Witham,,,Childcare,40
45,Alabama,,,Cleaning/Home Chores,41
46,Alaska,,,Electrical,42
47,Arizona,,,Removals/Packing,43
48,Arkansas,,,Plumbing/Pools,44
49,California,,,Roofing/Tiling,45
50,Colorado,,,Telecommunications,46
51,Connecticut,,,Offline Marketing,47
52,Delaware,,,Printing,48
53,DC,4,Entertainment,Movies & TV,49
54,Florida,,,Sporting Goods & Accessories,50
55,Georgia,,,Music & Instruments,51
56,Guam,,,Literature,52
57,Hawaii,,,Clubs,53
58,Idaho,,,Board Games,54
59,Illinois,,,Video Games,55
60,Indiana,,,Photographers - Cameraman,56
61,Iowa,,,Games Consoles,57
62,Kansas,,,Downloads/Online Gaming,58
63,Kentucky,5,For Sale,Antiques/Collectibles,59
64,Louisiana,,,"Clothing, Shoes & Accessories",60
65,Maine,,,Appliances,61
66,Maryland,,,Art/Crafts,62
67,Massachusetts,,,Bicycles,63
68,Michigan,,,School & College,64
69,Minnesota,,,Business/Industrial,65
70,Mississippi,,,Photography,66
71,Missouri,,,Phones,67
72,Montana,,,Electrical,68
73,Nebraska,,,Free/Recycle/Exchange,69
74,Nevada,,,Furniture,70
75,New Hampshire,,,Toys,71
76,New Jersey,,,Babies & Children,72
77,New Mexico,,,Gardening,73
78,New York,,,Food & Supplies,74
79,North Carolina,,,Confectionary,75
80,North Dakota,,,Gifts & Gadgets,76
81,Ohio,6,Property,Acreage/Farms,77
82,Oklahoma,,,Business/Industrial,78
83,Oregon,,,Domestic Rentals,79
84,Pennsylvania,,,Roommates/Houseshare,80
85,Rhode Island,,,Holiday Homes,81
86,South Carolina,,,Homes For Sale,82
87,South Dakota,,,Holiday Rentals,83
88,Tennessee,,,Student Accomodation,84
89,Texas,7,Tickets,Tickets,85
90,US Virgin Islands,,,Pets and Livestock,86
91,Utah,,,Jobs,87
92,Vermont,,,Personals,88
93,Virginia,,,Vehicles & Motoring,89
94,Washington,8,Pets and Livestock,Dogs,90
95,West Virginia,,,Cats,91
96,Wisconsin,,,Horses,92
97,Wyoming,,,Exotic Pets,93
98,Blyth,,,Farm Livestock,94
99,Chester-le-Street,,,Free,95
100,Darlington,,,Other,96
101,Durham,,,Food & Supplies,97
102,Gateshead,,,Accessories,98
103,Hartlepool,9,Jobs,Admin/Clerical,99
104,Middlesbrough,,,Automotive,100
105,Morpeth,,,Banking/Finance,101
106,Newcastle-upon-Tyne,,,Bar/Hotel/Guesthouse,102
107,North Shields,,,IT,103
108,Redcar,,,Business Development,104
109,South Shields,,,Online Business Opportunities,105
110,Stockton-on-Tees,,,Construction,106
111,Sunderland,,,Consultant,107
112,Wallsend,,,Customer Service,108
113,Washington,,,Design,109
114,Whitley Bay,,,Shipping & Distribution,110
115,Barnsley,,,Education,111
116,Batley,,,Engineering,112
117,Beverley,,,Entry Level,113
118,Bradford,,,Executive,114
119,Bridlington,,,Facilities,115
120,Castleford,,,Franchise,116
121,Dewsbury,,,General Business,117
122,Doncaster,,,General Labor,118
123,Grimsby,,,Government,119
124,Guiseley,,,Grocery,120
125,Halifax,,,"Health, Medical & Fitness",121
126,Harrogate,,,Human Resources,122
127,Holmfirth,,,"Installation, Maintainance & Repair",123
128,Horsforth,,,Insurance,124
129,Huddersfield,,,Management,125
130,Hull,,,Manufacturing,126
131,Ilkley,,,Sales & Marketing,127
132,Keighley,,,Media,128
133,Knaresborough,,,Non-Profit,129
134,Leeds,,,Real Estate,130
135,Morley,,,Restaurant/Food/Bakery,131
136,Northallerton,,,Retail,132
137,Ossett,,,Fashion,133
138,Otley,,,Science,134
139,Pontefract,,,Skilled Labour,135
140,Ripon,,,Supplies,136
141,Rotherham,,,Import/Export,137
142,Scarborough,,,Telecommunications,138
143,Scunthorpe,,,Motoring/Transportation,139
144,Selby,,,Veterinary,140
145,Sheffield,,,Warehouse/Storage,141
146,Shipley,,,Travel,142
147,Skipton,10,Personals,Loans,143
148,Todmorden,,,Penpals,144
149,Wakefield,,,Fashion Designers - Stylists,145
150,Whitby,,,Casual,146
151,York,,,Services,147
152,Cleethorpes,11,Vehicles & Motoring,Airplanes/Accessories,148
153,Hornsea,,,All Terrain Vehicles,149
154,Scunthorpe,,,Boats,150
155,Arnold,,,Cars,151
156,Beeston,,,Motorcycles,152
157,Boston,,,Trucks,153
158,Chesterfield,,,Lorries,154
159,Corby,,,Vans,155
160,Derby,,,Parts,156
161,Gainsborough,,,Tyres,157
162,Grantham,,,Accessories,158
163,Hinckley,,,Quad Bikes,159
164,Kettering,,,Maps,160
165,Leamington Spa,,,Sat Navs,161
166,Leicester,,,Driving Attire,162
167,Lincoln,,,,
168,Long Eaton,,,,
169,Loughborough,,,,
170,Louth,,,,
171,Mansfield,,,,
172,Market Harborough,,,,
173,Newark-on-Trent,,,,
174,Northampton,,,,
175,Nottingham,,,,
176,Skegness,,,,
177,Spalding,,,,
178,Stamford,,,,
179,Sutton in Ashfield,,,,
180,Swadlincote,,,,
181,Wellingborough,,,,
182,West Bridgford,,,,
183,Worksop,,,,
184,Barking & Dagenham,,,,
185,Barnet,,,,
186,Bexley,,,,
187,Brent,,,,
188,Bromley,,,,
189,Camden,,,,
190,City of London,,,,
191,Croydon,,,,
192,Ealing,,,,
193,Enfield,,,,
194,Greenwich,,,,
195,Hackney,,,,
196,Hammersmith & Fulham,,,,
197,Haringey,,,,
198,Harrow,,,,
199,Havering,,,,
200,Hillingdon,,,,
201,Hounslow,,,,
202,Islington,,,,
203,Kensington & Chelsea,,,,
204,Kingston,,,,
205,Lambeth,,,,
206,Lewisham,,,,
207,Merton,,,,
208,Newham,,,,
209,Redbridge,,,,
210,Richmond,,,,
211,Southwark,,,,
212,Sutton,,,,
213,Tower Hamlets,,,,
214,Waltham Forest,,,,
215,Wandsworth,,,,
216,Westminster,,,,
217,Barnstaple,,,,
218,Bath,,,,
219,Bideford,,,,
220,Bournemouth,,,,
221,Bridgwater,,,,
222,Bristol,,,,
223,Brixham,,,,
224,Cheltenham,,,,
225,Chippenham,,,,
226,Christchurch,,,,
227,Cirencester,,,,
228,Clevedon,,,,
229,Dawlish,,,,
230,Dorchester,,,,
231,Exeter,,,,
232,Exmouth,,,,
233,Falmouth,,,,
234,Glastonbury,,,,
235,Gloucester,,,,
236,Great Torrington,,,,
237,Honiton,,,,
238,Ilfracombe,,,,
239,Isles of Scilly,,,,
240,Kingswood,,,,
241,Melksham,,,,
242,Minehead,,,,
243,Newquay,,,,
244,Newton Abbot,,,,
245,Paignton,,,,
246,Penzance,,,,
247,Plymouth,,,,
248,Poole,,,,
249,Portishead,,,,
250,Redruth,,,,
251,Salisbury,,,,
252,Sidmouth,,,,
253,St Austell,,,,
254,St Ives - Cornwall,,,,
255,Stroud,,,,
256,Swindon,,,,
257,Taunton,,,,
258,Teignmouth,,,,
259,Thornbury,,,,
260,Tiverton,,,,
261,Torquay,,,,
262,Trowbridge,,,,
263,Truro,,,,
264,Weston-super-Mare,,,,
265,Weymouth,,,,
266,Wimborne,,,,
267,Yeovil,,,,
268,Algeria,,,,
269,Argentina,,,,
270,Australia,,,,
271,Austria,,,,
272,Bangladesh,,,,
273,Belgium,,,,
274,Belize,,,,
275,Brazil,,,,
276,Bulgaria,,,,
277,Canada,,,,
278,Carribean Islands,,,,
279,Chile,,,,
280,China,,,,
281,Colombia,,,,
282,Costa Rica,,,,
283,Croatia,,,,
284,Cuba,,,,
285,Czech Republic,,,,
286,Denmark,,,,
287,Ecuador,,,,
288,Egypt,,,,
289,England,,,,
290,Estonia,,,,
291,Finland,,,,
292,France,,,,
293,Germany,,,,
294,Greece,,,,
295,Greenland,,,,
296,Guatemala,,,,
297,Hong-Kong,,,,
298,Hungary,,,,
299,Iceland,,,,
300,India,,,,
301,Indonesia,,,,
302,Ireland,,,,
303,Israel,,,,
304,Italy,,,,
305,Jamaica,,,,
306,Japan,,,,
307,Kenya,,,,
308,South Korea,,,,
309,Kuwait,,,,
310,Libya,,,,
311,Lithuania,,,,
312,Luxembourg,,,,
313,Malaysia,,,,
314,Maldives,,,,
315,Mexico,,,,
316,Mozambique,,,,
317,Morocco,,,,
318,Nepal,,,,
319,Netherlands,,,,
320,New Zealand,,,,
321,Nigeria,,,,
322,Northern Ireland,,,,
323,Norway,,,,
324,Pakistan,,,,
325,Paraguay,,,,
326,Peru,,,,
327,Philippines,,,,
328,Poland,,,,
329,Portugal,,,,
330,Republic of Croatia,,,,
331,Romania,,,,
332,Russian Federation,,,,
333,Saudi Arabia,,,,
334,Scotland,,,,
335,Singapore,,,,
336,Slovenia,,,,
337,South Africa,,,,
338,Spain,,,,
339,Sri Lanka,,,,
340,Sweden,,,,
341,Switzerland,,,,
342,Taiwan,,,,
343,Tanzania,,,,
344,Thailand,,,,
345,Trinidad,,,,
346,Tobago,,,,
347,Tunisia,,,,
348,Turkey,,,,
349,Ukraine,,,,
350,United Arab Emirates,,,,
351,United Kingdom,,,,
352,USA,,,,
353,Uruguay,,,,
354,Venezuela,,,,
355,Wales,,,,
356,Zimbabwe,,,,